{
  "last-status-check-time": 1674102269969,
  "counts": {
    "current-dois": 634,
    "backfile-dois": 2866,
    "total-dois": 3500
  },
  "breakdowns": {
    "dois-by-issued-year": [
      [
        2021,
        345
      ],
      [
        2020,
        316
      ],
      [
        2022,
        289
      ],
      [
        2013,
        254
      ],
      [
        2014,
        244
      ],
      [
        2019,
        239
      ],
      [
        2015,
        237
      ],
      [
        2018,
        230
      ],
      [
        2017,
        222
      ],
      [
        2010,
        199
      ],
      [
        2016,
        197
      ],
      [
        2012,
        197
      ],
      [
        2011,
        191
      ],
      [
        2008,
        171
      ],
      [
        2009,
        169
      ]
    ]
  },
  "publisher": "VLDB Endowment",
  "coverage": {
    "affiliations-current": 1,
    "similarity-checking-current": 0.9921135646687697,
    "descriptions-current": 0,
    "ror-ids-current": 0,
    "funders-backfile": 0,
    "licenses-backfile": 0,
    "funders-current": 0,
    "affiliations-backfile": 0.9480111653872993,
    "resource-links-backfile": 0,
    "orcids-backfile": 0,
    "update-policies-current": 0.03312302839116719,
    "ror-ids-backfile": 0,
    "orcids-current": 0.001577287066246057,
    "similarity-checking-backfile": 0.950453593859037,
    "references-backfile": 0.9385903698534543,
    "descriptions-backfile": 0,
    "award-numbers-backfile": 0,
    "update-policies-backfile": 0,
    "licenses-current": 0,
    "award-numbers-current": 0,
    "abstracts-backfile": 0.9459176552686671,
    "resource-links-current": 0,
    "abstracts-current": 1,
    "references-current": 0.9889589905362776
  },
  "title": "Proceedings of the VLDB Endowment",
  "subjects": [
    {
      "ASJC": 2700,
      "name": "General Medicine"
    }
  ],
  "coverage-type": {
    "all": {
      "last-status-check-time": 1674102269969,
      "affiliations": 0.9574285714285714,
      "abstracts": 0.9557142857142857,
      "orcids": 0.0002857142857142857,
      "licenses": 0,
      "references": 0.9477142857142857,
      "funders": 0,
      "similarity-checking": 0.958,
      "award-numbers": 0,
      "ror-ids": 0,
      "update-policies": 0.006,
      "resource-links": 0,
      "descriptions": 0
    },
    "backfile": {
      "last-status-check-time": 1674102269969,
      "affiliations": 0.9480111653872993,
      "abstracts": 0.9459176552686671,
      "orcids": 0,
      "licenses": 0,
      "references": 0.9385903698534543,
      "funders": 0,
      "similarity-checking": 0.950453593859037,
      "award-numbers": 0,
      "ror-ids": 0,
      "update-policies": 0,
      "resource-links": 0,
      "descriptions": 0
    },
    "current": {
      "last-status-check-time": 1674102269969,
      "affiliations": 1,
      "abstracts": 1,
      "orcids": 0.001577287066246057,
      "licenses": 0,
      "references": 0.9889589905362776,
      "funders": 0,
      "similarity-checking": 0.9921135646687697,
      "award-numbers": 0,
      "ror-ids": 0,
      "update-policies": 0.03312302839116719,
      "resource-links": 0,
      "descriptions": 0
    }
  },
  "flags": {
    "deposits-abstracts-current": true,
    "deposits-orcids-current": true,
    "deposits": true,
    "deposits-affiliations-backfile": true,
    "deposits-update-policies-backfile": false,
    "deposits-similarity-checking-backfile": true,
    "deposits-award-numbers-current": false,
    "deposits-resource-links-current": false,
    "deposits-ror-ids-current": false,
    "deposits-articles": true,
    "deposits-affiliations-current": true,
    "deposits-funders-current": false,
    "deposits-references-backfile": true,
    "deposits-ror-ids-backfile": false,
    "deposits-abstracts-backfile": true,
    "deposits-licenses-backfile": false,
    "deposits-award-numbers-backfile": false,
    "deposits-descriptions-current": false,
    "deposits-references-current": true,
    "deposits-resource-links-backfile": false,
    "deposits-descriptions-backfile": false,
    "deposits-orcids-backfile": false,
    "deposits-funders-backfile": false,
    "deposits-update-policies-current": true,
    "deposits-similarity-checking-current": true,
    "deposits-licenses-current": false
  },
  "ISSN": [
    "2150-8097"
  ],
  "issn-type": [
    {
      "value": "2150-8097",
      "type": "print"
    }
  ]
}
