{
  "last-status-check-time": 1666556776881,
  "counts": {
    "current-dois": 919,
    "backfile-dois": 2550,
    "total-dois": 3469
  },
  "breakdowns": {
    "dois-by-issued-year": [
      [
        2021,
        345
      ],
      [
        2020,
        316
      ],
      [
        2022,
        258
      ],
      [
        2013,
        254
      ],
      [
        2014,
        244
      ],
      [
        2019,
        239
      ],
      [
        2015,
        237
      ],
      [
        2018,
        230
      ],
      [
        2017,
        222
      ],
      [
        2010,
        199
      ],
      [
        2016,
        197
      ],
      [
        2012,
        197
      ],
      [
        2011,
        191
      ],
      [
        2008,
        171
      ],
      [
        2009,
        169
      ]
    ]
  },
  "publisher": "VLDB Endowment",
  "coverage": {
    "affiliations-current": 0.998911860718172,
    "similarity-checking-current": 0.9945593035908596,
    "descriptions-current": 0,
    "ror-ids-current": 0,
    "funders-backfile": 0,
    "licenses-backfile": 0,
    "funders-current": 0,
    "affiliations-backfile": 0.9419607843137255,
    "resource-links-backfile": 0,
    "orcids-backfile": 0,
    "update-policies-current": 0,
    "ror-ids-backfile": 0,
    "orcids-current": 0.001088139281828074,
    "similarity-checking-backfile": 0.9411764705882353,
    "references-backfile": 0.9313725490196078,
    "descriptions-backfile": 0,
    "award-numbers-backfile": 0,
    "update-policies-backfile": 0,
    "licenses-current": 0,
    "award-numbers-current": 0,
    "abstracts-backfile": 0.7141176470588235,
    "resource-links-current": 0,
    "abstracts-current": 0.8193688792165397,
    "references-current": 0.9912948857453754
  },
  "title": "Proceedings of the VLDB Endowment",
  "subjects": [
    {
      "ASJC": 2700,
      "name": "General Medicine"
    }
  ],
  "coverage-type": {
    "all": {
      "last-status-check-time": 1666556776881,
      "affiliations": 0.957048140674546,
      "abstracts": 0.7420005765350245,
      "orcids": 0.0002882675122513693,
      "licenses": 0,
      "references": 0.9472470452579994,
      "funders": 0,
      "similarity-checking": 0.9553185356010379,
      "award-numbers": 0,
      "ror-ids": 0,
      "update-policies": 0,
      "resource-links": 0,
      "descriptions": 0
    },
    "backfile": {
      "last-status-check-time": 1666556776881,
      "affiliations": 0.9419607843137255,
      "abstracts": 0.7141176470588235,
      "orcids": 0,
      "licenses": 0,
      "references": 0.9313725490196078,
      "funders": 0,
      "similarity-checking": 0.9411764705882353,
      "award-numbers": 0,
      "ror-ids": 0,
      "update-policies": 0,
      "resource-links": 0,
      "descriptions": 0
    },
    "current": {
      "last-status-check-time": 1666556776881,
      "affiliations": 0.998911860718172,
      "abstracts": 0.8193688792165397,
      "orcids": 0.001088139281828074,
      "licenses": 0,
      "references": 0.9912948857453754,
      "funders": 0,
      "similarity-checking": 0.9945593035908596,
      "award-numbers": 0,
      "ror-ids": 0,
      "update-policies": 0,
      "resource-links": 0,
      "descriptions": 0
    }
  },
  "flags": {
    "deposits-abstracts-current": true,
    "deposits-orcids-current": true,
    "deposits": true,
    "deposits-affiliations-backfile": true,
    "deposits-update-policies-backfile": false,
    "deposits-similarity-checking-backfile": true,
    "deposits-award-numbers-current": false,
    "deposits-resource-links-current": false,
    "deposits-ror-ids-current": false,
    "deposits-articles": true,
    "deposits-affiliations-current": true,
    "deposits-funders-current": false,
    "deposits-references-backfile": true,
    "deposits-ror-ids-backfile": false,
    "deposits-abstracts-backfile": true,
    "deposits-licenses-backfile": false,
    "deposits-award-numbers-backfile": false,
    "deposits-descriptions-current": false,
    "deposits-references-current": true,
    "deposits-resource-links-backfile": false,
    "deposits-descriptions-backfile": false,
    "deposits-orcids-backfile": false,
    "deposits-funders-backfile": false,
    "deposits-update-policies-current": false,
    "deposits-similarity-checking-current": true,
    "deposits-licenses-current": false
  },
  "ISSN": [
    "2150-8097"
  ],
  "issn-type": [
    {
      "value": "2150-8097",
      "type": "print"
    }
  ]
}
