{
  "last-status-check-time": 1753372217135,
  "counts": {
    "current-dois": 819,
    "backfile-dois": 3568,
    "total-dois": 4387
  },
  "breakdowns": {
    "dois-by-issued-year": [
      [
        2024,
        447
      ],
      [
        2023,
        372
      ],
      [
        2022,
        357
      ],
      [
        2021,
        345
      ],
      [
        2020,
        316
      ],
      [
        2013,
        254
      ],
      [
        2014,
        244
      ],
      [
        2019,
        239
      ],
      [
        2015,
        237
      ],
      [
        2018,
        230
      ],
      [
        2017,
        222
      ],
      [
        2010,
        199
      ],
      [
        2016,
        197
      ],
      [
        2012,
        197
      ],
      [
        2011,
        191
      ],
      [
        2008,
        171
      ],
      [
        2009,
        169
      ]
    ]
  },
  "publisher": "VLDB Endowment",
  "coverage": {
    "affiliations-current": 0.9987789987789988,
    "similarity-checking-current": 1,
    "descriptions-current": 0,
    "ror-ids-current": 0,
    "funders-backfile": 0,
    "licenses-backfile": 0.005605381165919283,
    "funders-current": 0,
    "affiliations-backfile": 0.9582399103139013,
    "resource-links-backfile": 0.005605381165919283,
    "orcids-backfile": 0.0002802690582959641,
    "update-policies-current": 1,
    "ror-ids-backfile": 0,
    "orcids-current": 0.001221001221001221,
    "similarity-checking-backfile": 0.9588004484304933,
    "references-backfile": 0.9487107623318386,
    "descriptions-backfile": 0,
    "award-numbers-backfile": 0,
    "update-policies-backfile": 0.02494394618834081,
    "licenses-current": 0,
    "award-numbers-current": 0,
    "abstracts-backfile": 0.9593609865470852,
    "resource-links-current": 0,
    "abstracts-current": 1,
    "references-current": 0.9938949938949939
  },
  "title": "Proceedings of the VLDB Endowment",
  "subjects": [],
  "coverage-type": {
    "all": {
      "last-status-check-time": 1753372217135,
      "affiliations": 0.9658080692956462,
      "abstracts": 0.9669478003191248,
      "orcids": 0.0004558924093913836,
      "licenses": 0.004558924093913836,
      "references": 0.9571461135172099,
      "funders": 0,
      "similarity-checking": 0.9664919079097333,
      "award-numbers": 0,
      "ror-ids": 0,
      "update-policies": 0.2069751538636882,
      "resource-links": 0.004558924093913836,
      "descriptions": 0
    },
    "backfile": {
      "last-status-check-time": 1753372217135,
      "affiliations": 0.9582399103139013,
      "abstracts": 0.9593609865470852,
      "orcids": 0.0002802690582959641,
      "licenses": 0.005605381165919283,
      "references": 0.9487107623318386,
      "funders": 0,
      "similarity-checking": 0.9588004484304933,
      "award-numbers": 0,
      "ror-ids": 0,
      "update-policies": 0.02494394618834081,
      "resource-links": 0.005605381165919283,
      "descriptions": 0
    },
    "current": {
      "last-status-check-time": 1753372217135,
      "affiliations": 0.9987789987789988,
      "abstracts": 1,
      "orcids": 0.001221001221001221,
      "licenses": 0,
      "references": 0.9938949938949939,
      "funders": 0,
      "similarity-checking": 1,
      "award-numbers": 0,
      "ror-ids": 0,
      "update-policies": 1,
      "resource-links": 0,
      "descriptions": 0
    }
  },
  "flags": {
    "deposits-abstracts-current": true,
    "deposits-orcids-current": true,
    "deposits": true,
    "deposits-affiliations-backfile": true,
    "deposits-update-policies-backfile": true,
    "deposits-similarity-checking-backfile": true,
    "deposits-award-numbers-current": false,
    "deposits-resource-links-current": false,
    "deposits-ror-ids-current": false,
    "deposits-articles": true,
    "deposits-affiliations-current": true,
    "deposits-funders-current": false,
    "deposits-references-backfile": true,
    "deposits-ror-ids-backfile": false,
    "deposits-abstracts-backfile": true,
    "deposits-licenses-backfile": true,
    "deposits-award-numbers-backfile": false,
    "deposits-descriptions-current": false,
    "deposits-references-current": true,
    "deposits-resource-links-backfile": true,
    "deposits-descriptions-backfile": false,
    "deposits-orcids-backfile": true,
    "deposits-funders-backfile": false,
    "deposits-update-policies-current": true,
    "deposits-similarity-checking-current": true,
    "deposits-licenses-current": false
  },
  "ISSN": [
    "2150-8097"
  ],
  "issn-type": [
    {
      "type": "print",
      "value": "2150-8097"
    }
  ]
}
